,loi_combo,weight_economic,weight_usability,weight_performance,weight_reliability,weight_maintainability,score_design_a_formula,rank_design_a_formula,score_design_b_parametric,rank_design_b_parametric,score_design_c_template,rank_design_c_template,winner,winning_margin,tied
0,"(10, 9, 8, 7, 6)",0.25,0.225,0.2,0.175,0.15,5.5,3,5.938126,2,7.75,1,design_c_template,2.25,False
1,"(10, 9, 8, 6, 7)",0.25,0.225,0.2,0.15,0.175,5.5,3,5.938126,2,7.75,1,design_c_template,2.25,False
2,"(10, 9, 7, 8, 6)",0.25,0.225,0.175,0.2,0.15,5.5,3,5.938126,2,7.75,1,design_c_template,2.25,False
3,"(10, 9, 7, 6, 8)",0.25,0.225,0.175,0.15,0.2,5.5,3,5.938126,2,7.75,1,design_c_template,2.25,False
4,"(10, 9, 6, 8, 7)",0.25,0.225,0.15,0.2,0.175,5.5,3,5.938126,2,7.75,1,design_c_template,2.25,False
5,"(10, 9, 6, 7, 8)",0.25,0.225,0.15,0.175,0.2,5.5,3,5.938126,2,7.75,1,design_c_template,2.25,False
6,"(10, 8, 9, 7, 6)",0.25,0.2,0.225,0.175,0.15,5.5,3,5.938126,2,7.75,1,design_c_template,2.25,False
7,"(10, 8, 9, 6, 7)",0.25,0.2,0.225,0.15,0.175,5.5,3,5.938126,2,7.75,1,design_c_template,2.25,False
8,"(10, 8, 7, 9, 6)",0.25,0.2,0.175,0.225,0.15,5.5,3,5.938126,2,7.75,1,design_c_template,2.25,False
9,"(10, 8, 7, 6, 9)",0.25,0.2,0.175,0.15,0.225,5.5,3,5.938126,2,7.75,1,design_c_template,2.25,False
10,"(10, 8, 6, 9, 7)",0.25,0.2,0.15,0.225,0.175,5.5,3,5.938126,2,7.75,1,design_c_template,2.25,False
11,"(10, 8, 6, 7, 9)",0.25,0.2,0.15,0.175,0.225,5.5,3,5.938126,2,7.75,1,design_c_template,2.25,False
12,"(10, 7, 9, 8, 6)",0.25,0.175,0.225,0.2,0.15,5.5,3,5.938126,2,7.75,1,design_c_template,2.25,False
13,"(10, 7, 9, 6, 8)",0.25,0.175,0.225,0.15,0.2,5.5,3,5.938126,2,7.75,1,design_c_template,2.25,False
14,"(10, 7, 8, 9, 6)",0.25,0.175,0.2,0.225,0.15,5.5,3,5.938126,2,7.75,1,design_c_template,2.25,False
15,"(10, 7, 8, 6, 9)",0.25,0.175,0.2,0.15,0.225,5.5,3,5.938126,2,7.75,1,design_c_template,2.25,False
16,"(10, 7, 6, 9, 8)",0.25,0.175,0.15,0.225,0.2,5.5,3,5.938126,2,7.75,1,design_c_template,2.25,False
17,"(10, 7, 6, 8, 9)",0.25,0.175,0.15,0.2,0.225,5.5,3,5.938126,2,7.75,1,design_c_template,2.25,False
18,"(10, 6, 9, 8, 7)",0.25,0.15,0.225,0.2,0.175,5.5,3,5.938126,2,7.75,1,design_c_template,2.25,False
19,"(10, 6, 9, 7, 8)",0.25,0.15,0.225,0.175,0.2,5.5,3,5.938126,2,7.75,1,design_c_template,2.25,False
20,"(10, 6, 8, 9, 7)",0.25,0.15,0.2,0.225,0.175,5.5,3,5.938126,2,7.75,1,design_c_template,2.25,False
21,"(10, 6, 8, 7, 9)",0.25,0.15,0.2,0.175,0.225,5.5,3,5.938126,2,7.75,1,design_c_template,2.25,False
22,"(10, 6, 7, 9, 8)",0.25,0.15,0.175,0.225,0.2,5.5,3,5.938126,2,7.75,1,design_c_template,2.25,False
23,"(10, 6, 7, 8, 9)",0.25,0.15,0.175,0.2,0.225,5.5,3,5.938126,2,7.75,1,design_c_template,2.25,False
24,"(9, 10, 8, 7, 6)",0.225,0.25,0.2,0.175,0.15,5.5,3,5.938126,2,7.75,1,design_c_template,2.25,False
25,"(9, 10, 8, 6, 7)",0.225,0.25,0.2,0.15,0.175,5.5,3,5.938126,2,7.75,1,design_c_template,2.25,False
26,"(9, 10, 7, 8, 6)",0.225,0.25,0.175,0.2,0.15,5.5,3,5.938126,2,7.75,1,design_c_template,2.25,False
27,"(9, 10, 7, 6, 8)",0.225,0.25,0.175,0.15,0.2,5.5,3,5.938126,2,7.75,1,design_c_template,2.25,False
28,"(9, 10, 6, 8, 7)",0.225,0.25,0.15,0.2,0.175,5.5,3,5.938126,2,7.75,1,design_c_template,2.25,False
29,"(9, 10, 6, 7, 8)",0.225,0.25,0.15,0.175,0.2,5.5,3,5.938126,2,7.75,1,design_c_template,2.25,False
30,"(9, 8, 10, 7, 6)",0.225,0.2,0.25,0.175,0.15,5.5,3,5.938126,2,7.75,1,design_c_template,2.25,False
31,"(9, 8, 10, 6, 7)",0.225,0.2,0.25,0.15,0.175,5.5,3,5.938126,2,7.75,1,design_c_template,2.25,False
32,"(9, 8, 7, 10, 6)",0.225,0.2,0.175,0.25,0.15,5.5,3,5.938126,2,7.75,1,design_c_template,2.25,False
33,"(9, 8, 7, 6, 10)",0.225,0.2,0.175,0.15,0.25,5.5,3,5.938126,2,7.75,1,design_c_template,2.25,False
34,"(9, 8, 6, 10, 7)",0.225,0.2,0.15,0.25,0.175,5.5,3,5.938126,2,7.75,1,design_c_template,2.25,False
35,"(9, 8, 6, 7, 10)",0.225,0.2,0.15,0.175,0.25,5.5,3,5.938126,2,7.75,1,design_c_template,2.25,False
36,"(9, 7, 10, 8, 6)",0.225,0.175,0.25,0.2,0.15,5.5,3,5.938126,2,7.75,1,design_c_template,2.25,False
37,"(9, 7, 10, 6, 8)",0.225,0.175,0.25,0.15,0.2,5.5,3,5.938126,2,7.75,1,design_c_template,2.25,False
38,"(9, 7, 8, 10, 6)",0.225,0.175,0.2,0.25,0.15,5.5,3,5.938126,2,7.75,1,design_c_template,2.25,False
39,"(9, 7, 8, 6, 10)",0.225,0.175,0.2,0.15,0.25,5.5,3,5.938126,2,7.75,1,design_c_template,2.25,False
40,"(9, 7, 6, 10, 8)",0.225,0.175,0.15,0.25,0.2,5.5,3,5.938126,2,7.75,1,design_c_template,2.25,False
41,"(9, 7, 6, 8, 10)",0.225,0.175,0.15,0.2,0.25,5.5,3,5.938126,2,7.75,1,design_c_template,2.25,False
42,"(9, 6, 10, 8, 7)",0.225,0.15,0.25,0.2,0.175,5.5,3,5.938126,2,7.75,1,design_c_template,2.25,False
43,"(9, 6, 10, 7, 8)",0.225,0.15,0.25,0.175,0.2,5.5,3,5.938126,2,7.75,1,design_c_template,2.25,False
44,"(9, 6, 8, 10, 7)",0.225,0.15,0.2,0.25,0.175,5.5,3,5.938126,2,7.75,1,design_c_template,2.25,False
45,"(9, 6, 8, 7, 10)",0.225,0.15,0.2,0.175,0.25,5.5,3,5.938126,2,7.75,1,design_c_template,2.25,False
46,"(9, 6, 7, 10, 8)",0.225,0.15,0.175,0.25,0.2,5.5,3,5.938126,2,7.75,1,design_c_template,2.25,False
47,"(9, 6, 7, 8, 10)",0.225,0.15,0.175,0.2,0.25,5.5,3,5.938126,2,7.75,1,design_c_template,2.25,False
48,"(8, 10, 9, 7, 6)",0.2,0.25,0.225,0.175,0.15,5.5,3,5.938126,2,7.75,1,design_c_template,2.25,False
49,"(8, 10, 9, 6, 7)",0.2,0.25,0.225,0.15,0.175,5.5,3,5.938126,2,7.75,1,design_c_template,2.25,False
50,"(8, 10, 7, 9, 6)",0.2,0.25,0.175,0.225,0.15,5.5,3,5.938126,2,7.75,1,design_c_template,2.25,False
51,"(8, 10, 7, 6, 9)",0.2,0.25,0.175,0.15,0.225,5.5,3,5.938126,2,7.75,1,design_c_template,2.25,False
52,"(8, 10, 6, 9, 7)",0.2,0.25,0.15,0.225,0.175,5.5,3,5.938126,2,7.75,1,design_c_template,2.25,False
53,"(8, 10, 6, 7, 9)",0.2,0.25,0.15,0.175,0.225,5.5,3,5.938126,2,7.75,1,design_c_template,2.25,False
54,"(8, 9, 10, 7, 6)",0.2,0.225,0.25,0.175,0.15,5.5,3,5.938126,2,7.75,1,design_c_template,2.25,False
55,"(8, 9, 10, 6, 7)",0.2,0.225,0.25,0.15,0.175,5.5,3,5.938126,2,7.75,1,design_c_template,2.25,False
56,"(8, 9, 7, 10, 6)",0.2,0.225,0.175,0.25,0.15,5.5,3,5.938126,2,7.75,1,design_c_template,2.25,False
57,"(8, 9, 7, 6, 10)",0.2,0.225,0.175,0.15,0.25,5.5,3,5.938126,2,7.75,1,design_c_template,2.25,False
58,"(8, 9, 6, 10, 7)",0.2,0.225,0.15,0.25,0.175,5.5,3,5.938126,2,7.75,1,design_c_template,2.25,False
59,"(8, 9, 6, 7, 10)",0.2,0.225,0.15,0.175,0.25,5.5,3,5.938126,2,7.75,1,design_c_template,2.25,False
60,"(8, 7, 10, 9, 6)",0.2,0.175,0.25,0.225,0.15,5.5,3,5.938126,2,7.75,1,design_c_template,2.25,False
61,"(8, 7, 10, 6, 9)",0.2,0.175,0.25,0.15,0.225,5.5,3,5.938126,2,7.75,1,design_c_template,2.25,False
62,"(8, 7, 9, 10, 6)",0.2,0.175,0.225,0.25,0.15,5.5,3,5.938126,2,7.75,1,design_c_template,2.25,False
63,"(8, 7, 9, 6, 10)",0.2,0.175,0.225,0.15,0.25,5.5,3,5.938126,2,7.75,1,design_c_template,2.25,False
64,"(8, 7, 6, 10, 9)",0.2,0.175,0.15,0.25,0.225,5.5,3,5.938126,2,7.75,1,design_c_template,2.25,False
65,"(8, 7, 6, 9, 10)",0.2,0.175,0.15,0.225,0.25,5.5,3,5.938126,2,7.75,1,design_c_template,2.25,False
66,"(8, 6, 10, 9, 7)",0.2,0.15,0.25,0.225,0.175,5.5,3,5.938126,2,7.75,1,design_c_template,2.25,False
67,"(8, 6, 10, 7, 9)",0.2,0.15,0.25,0.175,0.225,5.5,3,5.938126,2,7.75,1,design_c_template,2.25,False
68,"(8, 6, 9, 10, 7)",0.2,0.15,0.225,0.25,0.175,5.5,3,5.938126,2,7.75,1,design_c_template,2.25,False
69,"(8, 6, 9, 7, 10)",0.2,0.15,0.225,0.175,0.25,5.5,3,5.938126,2,7.75,1,design_c_template,2.25,False
70,"(8, 6, 7, 10, 9)",0.2,0.15,0.175,0.25,0.225,5.5,3,5.938126,2,7.75,1,design_c_template,2.25,False
71,"(8, 6, 7, 9, 10)",0.2,0.15,0.175,0.225,0.25,5.5,3,5.938126,2,7.75,1,design_c_template,2.25,False
72,"(7, 10, 9, 8, 6)",0.175,0.25,0.225,0.2,0.15,5.5,3,5.938126,2,7.75,1,design_c_template,2.25,False
73,"(7, 10, 9, 6, 8)",0.175,0.25,0.225,0.15,0.2,5.5,3,5.938126,2,7.75,1,design_c_template,2.25,False
74,"(7, 10, 8, 9, 6)",0.175,0.25,0.2,0.225,0.15,5.5,3,5.938126,2,7.75,1,design_c_template,2.25,False
75,"(7, 10, 8, 6, 9)",0.175,0.25,0.2,0.15,0.225,5.5,3,5.938126,2,7.75,1,design_c_template,2.25,False
76,"(7, 10, 6, 9, 8)",0.175,0.25,0.15,0.225,0.2,5.5,3,5.938126,2,7.75,1,design_c_template,2.25,False
77,"(7, 10, 6, 8, 9)",0.175,0.25,0.15,0.2,0.225,5.5,3,5.938126,2,7.75,1,design_c_template,2.25,False
78,"(7, 9, 10, 8, 6)",0.175,0.225,0.25,0.2,0.15,5.5,3,5.938126,2,7.75,1,design_c_template,2.25,False
79,"(7, 9, 10, 6, 8)",0.175,0.225,0.25,0.15,0.2,5.5,3,5.938126,2,7.75,1,design_c_template,2.25,False
80,"(7, 9, 8, 10, 6)",0.175,0.225,0.2,0.25,0.15,5.5,3,5.938126,2,7.75,1,design_c_template,2.25,False
81,"(7, 9, 8, 6, 10)",0.175,0.225,0.2,0.15,0.25,5.5,3,5.938126,2,7.75,1,design_c_template,2.25,False
82,"(7, 9, 6, 10, 8)",0.175,0.225,0.15,0.25,0.2,5.5,3,5.938126,2,7.75,1,design_c_template,2.25,False
83,"(7, 9, 6, 8, 10)",0.175,0.225,0.15,0.2,0.25,5.5,3,5.938126,2,7.75,1,design_c_template,2.25,False
84,"(7, 8, 10, 9, 6)",0.175,0.2,0.25,0.225,0.15,5.5,3,5.938126,2,7.75,1,design_c_template,2.25,False
85,"(7, 8, 10, 6, 9)",0.175,0.2,0.25,0.15,0.225,5.5,3,5.938126,2,7.75,1,design_c_template,2.25,False
86,"(7, 8, 9, 10, 6)",0.175,0.2,0.225,0.25,0.15,5.5,3,5.938126,2,7.75,1,design_c_template,2.25,False
87,"(7, 8, 9, 6, 10)",0.175,0.2,0.225,0.15,0.25,5.5,3,5.938126,2,7.75,1,design_c_template,2.25,False
88,"(7, 8, 6, 10, 9)",0.175,0.2,0.15,0.25,0.225,5.5,3,5.938126,2,7.75,1,design_c_template,2.25,False
89,"(7, 8, 6, 9, 10)",0.175,0.2,0.15,0.225,0.25,5.5,3,5.938126,2,7.75,1,design_c_template,2.25,False
90,"(7, 6, 10, 9, 8)",0.175,0.15,0.25,0.225,0.2,5.5,3,5.938126,2,7.75,1,design_c_template,2.25,False
91,"(7, 6, 10, 8, 9)",0.175,0.15,0.25,0.2,0.225,5.5,3,5.938126,2,7.75,1,design_c_template,2.25,False
92,"(7, 6, 9, 10, 8)",0.175,0.15,0.225,0.25,0.2,5.5,3,5.938126,2,7.75,1,design_c_template,2.25,False
93,"(7, 6, 9, 8, 10)",0.175,0.15,0.225,0.2,0.25,5.5,3,5.938126,2,7.75,1,design_c_template,2.25,False
94,"(7, 6, 8, 10, 9)",0.175,0.15,0.2,0.25,0.225,5.5,3,5.938126,2,7.75,1,design_c_template,2.25,False
95,"(7, 6, 8, 9, 10)",0.175,0.15,0.2,0.225,0.25,5.5,3,5.938126,2,7.75,1,design_c_template,2.25,False
96,"(6, 10, 9, 8, 7)",0.15,0.25,0.225,0.2,0.175,5.5,3,5.938126,2,7.75,1,design_c_template,2.25,False
97,"(6, 10, 9, 7, 8)",0.15,0.25,0.225,0.175,0.2,5.5,3,5.938126,2,7.75,1,design_c_template,2.25,False
98,"(6, 10, 8, 9, 7)",0.15,0.25,0.2,0.225,0.175,5.5,3,5.938126,2,7.75,1,design_c_template,2.25,False
99,"(6, 10, 8, 7, 9)",0.15,0.25,0.2,0.175,0.225,5.5,3,5.938126,2,7.75,1,design_c_template,2.25,False
100,"(6, 10, 7, 9, 8)",0.15,0.25,0.175,0.225,0.2,5.5,3,5.938126,2,7.75,1,design_c_template,2.25,False
101,"(6, 10, 7, 8, 9)",0.15,0.25,0.175,0.2,0.225,5.5,3,5.938126,2,7.75,1,design_c_template,2.25,False
102,"(6, 9, 10, 8, 7)",0.15,0.225,0.25,0.2,0.175,5.5,3,5.938126,2,7.75,1,design_c_template,2.25,False
103,"(6, 9, 10, 7, 8)",0.15,0.225,0.25,0.175,0.2,5.5,3,5.938126,2,7.75,1,design_c_template,2.25,False
104,"(6, 9, 8, 10, 7)",0.15,0.225,0.2,0.25,0.175,5.5,3,5.938126,2,7.75,1,design_c_template,2.25,False
105,"(6, 9, 8, 7, 10)",0.15,0.225,0.2,0.175,0.25,5.5,3,5.938126,2,7.75,1,design_c_template,2.25,False
106,"(6, 9, 7, 10, 8)",0.15,0.225,0.175,0.25,0.2,5.5,3,5.938126,2,7.75,1,design_c_template,2.25,False
107,"(6, 9, 7, 8, 10)",0.15,0.225,0.175,0.2,0.25,5.5,3,5.938126,2,7.75,1,design_c_template,2.25,False
108,"(6, 8, 10, 9, 7)",0.15,0.2,0.25,0.225,0.175,5.5,3,5.938126,2,7.75,1,design_c_template,2.25,False
109,"(6, 8, 10, 7, 9)",0.15,0.2,0.25,0.175,0.225,5.5,3,5.938126,2,7.75,1,design_c_template,2.25,False
110,"(6, 8, 9, 10, 7)",0.15,0.2,0.225,0.25,0.175,5.5,3,5.938126,2,7.75,1,design_c_template,2.25,False
111,"(6, 8, 9, 7, 10)",0.15,0.2,0.225,0.175,0.25,5.5,3,5.938126,2,7.75,1,design_c_template,2.25,False
112,"(6, 8, 7, 10, 9)",0.15,0.2,0.175,0.25,0.225,5.5,3,5.938126,2,7.75,1,design_c_template,2.25,False
113,"(6, 8, 7, 9, 10)",0.15,0.2,0.175,0.225,0.25,5.5,3,5.938126,2,7.75,1,design_c_template,2.25,False
114,"(6, 7, 10, 9, 8)",0.15,0.175,0.25,0.225,0.2,5.5,3,5.938126,2,7.75,1,design_c_template,2.25,False
115,"(6, 7, 10, 8, 9)",0.15,0.175,0.25,0.2,0.225,5.5,3,5.938126,2,7.75,1,design_c_template,2.25,False
116,"(6, 7, 9, 10, 8)",0.15,0.175,0.225,0.25,0.2,5.5,3,5.938126,2,7.75,1,design_c_template,2.25,False
117,"(6, 7, 9, 8, 10)",0.15,0.175,0.225,0.2,0.25,5.5,3,5.938126,2,7.75,1,design_c_template,2.25,False
118,"(6, 7, 8, 10, 9)",0.15,0.175,0.2,0.25,0.225,5.5,3,5.938126,2,7.75,1,design_c_template,2.25,False
119,"(6, 7, 8, 9, 10)",0.15,0.175,0.2,0.225,0.25,5.5,3,5.938126,2,7.75,1,design_c_template,2.25,False
