loi_combo,weight_economic,weight_usability,weight_performance,weight_reliability,weight_maintainability,score_design_a_formula,rank_design_a_formula,score_design_b_parametric,rank_design_b_parametric,score_design_c_template,rank_design_c_template,winner,winning_margin,tied
"(10, 9, 8, 7, 6)",0.25,0.225,0.2,0.175,0.15,5.5,3,5.938126,2,7.75,1,design_c_template,2.25,False
"(10, 9, 8, 6, 7)",0.25,0.225,0.2,0.15,0.175,5.5,3,5.938126,2,7.75,1,design_c_template,2.25,False
"(10, 9, 7, 8, 6)",0.25,0.225,0.175,0.2,0.15,5.5,3,5.938126,2,7.75,1,design_c_template,2.25,False
"(10, 9, 7, 6, 8)",0.25,0.225,0.175,0.15,0.2,5.5,3,5.938126,2,7.75,1,design_c_template,2.25,False
"(10, 9, 6, 8, 7)",0.25,0.225,0.15,0.2,0.175,5.5,3,5.938126,2,7.75,1,design_c_template,2.25,False
"(10, 9, 6, 7, 8)",0.25,0.225,0.15,0.175,0.2,5.5,3,5.938126,2,7.75,1,design_c_template,2.25,False
"(10, 8, 9, 7, 6)",0.25,0.2,0.225,0.175,0.15,5.5,3,5.938126,2,7.75,1,design_c_template,2.25,False
"(10, 8, 9, 6, 7)",0.25,0.2,0.225,0.15,0.175,5.5,3,5.938126,2,7.75,1,design_c_template,2.25,False
"(10, 8, 7, 9, 6)",0.25,0.2,0.175,0.225,0.15,5.5,3,5.938126,2,7.75,1,design_c_template,2.25,False
"(10, 8, 7, 6, 9)",0.25,0.2,0.175,0.15,0.225,5.5,3,5.938126,2,7.75,1,design_c_template,2.25,False
"(10, 8, 6, 9, 7)",0.25,0.2,0.15,0.225,0.175,5.5,3,5.938126,2,7.75,1,design_c_template,2.25,False
"(10, 8, 6, 7, 9)",0.25,0.2,0.15,0.175,0.225,5.5,3,5.938126,2,7.75,1,design_c_template,2.25,False
"(10, 7, 9, 8, 6)",0.25,0.175,0.225,0.2,0.15,5.5,3,5.938126,2,7.75,1,design_c_template,2.25,False
"(10, 7, 9, 6, 8)",0.25,0.175,0.225,0.15,0.2,5.5,3,5.938126,2,7.75,1,design_c_template,2.25,False
"(10, 7, 8, 9, 6)",0.25,0.175,0.2,0.225,0.15,5.5,3,5.938126,2,7.75,1,design_c_template,2.25,False
"(10, 7, 8, 6, 9)",0.25,0.175,0.2,0.15,0.225,5.5,3,5.938126,2,7.75,1,design_c_template,2.25,False
"(10, 7, 6, 9, 8)",0.25,0.175,0.15,0.225,0.2,5.5,3,5.938126,2,7.75,1,design_c_template,2.25,False
"(10, 7, 6, 8, 9)",0.25,0.175,0.15,0.2,0.225,5.5,3,5.938126,2,7.75,1,design_c_template,2.25,False
"(10, 6, 9, 8, 7)",0.25,0.15,0.225,0.2,0.175,5.5,3,5.938126,2,7.75,1,design_c_template,2.25,False
"(10, 6, 9, 7, 8)",0.25,0.15,0.225,0.175,0.2,5.5,3,5.938126,2,7.75,1,design_c_template,2.25,False
"(10, 6, 8, 9, 7)",0.25,0.15,0.2,0.225,0.175,5.5,3,5.938126,2,7.75,1,design_c_template,2.25,False
"(10, 6, 8, 7, 9)",0.25,0.15,0.2,0.175,0.225,5.5,3,5.938126,2,7.75,1,design_c_template,2.25,False
"(10, 6, 7, 9, 8)",0.25,0.15,0.175,0.225,0.2,5.5,3,5.938126,2,7.75,1,design_c_template,2.25,False
"(10, 6, 7, 8, 9)",0.25,0.15,0.175,0.2,0.225,5.5,3,5.938126,2,7.75,1,design_c_template,2.25,False
"(9, 10, 8, 7, 6)",0.225,0.25,0.2,0.175,0.15,5.5,3,5.938126,2,7.75,1,design_c_template,2.25,False
"(9, 10, 8, 6, 7)",0.225,0.25,0.2,0.15,0.175,5.5,3,5.938126,2,7.75,1,design_c_template,2.25,False
"(9, 10, 7, 8, 6)",0.225,0.25,0.175,0.2,0.15,5.5,3,5.938126,2,7.75,1,design_c_template,2.25,False
"(9, 10, 7, 6, 8)",0.225,0.25,0.175,0.15,0.2,5.5,3,5.938126,2,7.75,1,design_c_template,2.25,False
"(9, 10, 6, 8, 7)",0.225,0.25,0.15,0.2,0.175,5.5,3,5.938126,2,7.75,1,design_c_template,2.25,False
"(9, 10, 6, 7, 8)",0.225,0.25,0.15,0.175,0.2,5.5,3,5.938126,2,7.75,1,design_c_template,2.25,False
"(9, 8, 10, 7, 6)",0.225,0.2,0.25,0.175,0.15,5.5,3,5.938126,2,7.75,1,design_c_template,2.25,False
"(9, 8, 10, 6, 7)",0.225,0.2,0.25,0.15,0.175,5.5,3,5.938126,2,7.75,1,design_c_template,2.25,False
"(9, 8, 7, 10, 6)",0.225,0.2,0.175,0.25,0.15,5.5,3,5.938126,2,7.75,1,design_c_template,2.25,False
"(9, 8, 7, 6, 10)",0.225,0.2,0.175,0.15,0.25,5.5,3,5.938126,2,7.75,1,design_c_template,2.25,False
"(9, 8, 6, 10, 7)",0.225,0.2,0.15,0.25,0.175,5.5,3,5.938126,2,7.75,1,design_c_template,2.25,False
"(9, 8, 6, 7, 10)",0.225,0.2,0.15,0.175,0.25,5.5,3,5.938126,2,7.75,1,design_c_template,2.25,False
"(9, 7, 10, 8, 6)",0.225,0.175,0.25,0.2,0.15,5.5,3,5.938126,2,7.75,1,design_c_template,2.25,False
"(9, 7, 10, 6, 8)",0.225,0.175,0.25,0.15,0.2,5.5,3,5.938126,2,7.75,1,design_c_template,2.25,False
"(9, 7, 8, 10, 6)",0.225,0.175,0.2,0.25,0.15,5.5,3,5.938126,2,7.75,1,design_c_template,2.25,False
"(9, 7, 8, 6, 10)",0.225,0.175,0.2,0.15,0.25,5.5,3,5.938126,2,7.75,1,design_c_template,2.25,False
"(9, 7, 6, 10, 8)",0.225,0.175,0.15,0.25,0.2,5.5,3,5.938126,2,7.75,1,design_c_template,2.25,False
"(9, 7, 6, 8, 10)",0.225,0.175,0.15,0.2,0.25,5.5,3,5.938126,2,7.75,1,design_c_template,2.25,False
"(9, 6, 10, 8, 7)",0.225,0.15,0.25,0.2,0.175,5.5,3,5.938126,2,7.75,1,design_c_template,2.25,False
"(9, 6, 10, 7, 8)",0.225,0.15,0.25,0.175,0.2,5.5,3,5.938126,2,7.75,1,design_c_template,2.25,False
"(9, 6, 8, 10, 7)",0.225,0.15,0.2,0.25,0.175,5.5,3,5.938126,2,7.75,1,design_c_template,2.25,False
"(9, 6, 8, 7, 10)",0.225,0.15,0.2,0.175,0.25,5.5,3,5.938126,2,7.75,1,design_c_template,2.25,False
"(9, 6, 7, 10, 8)",0.225,0.15,0.175,0.25,0.2,5.5,3,5.938126,2,7.75,1,design_c_template,2.25,False
"(9, 6, 7, 8, 10)",0.225,0.15,0.175,0.2,0.25,5.5,3,5.938126,2,7.75,1,design_c_template,2.25,False
"(8, 10, 9, 7, 6)",0.2,0.25,0.225,0.175,0.15,5.5,3,5.938126,2,7.75,1,design_c_template,2.25,False
"(8, 10, 9, 6, 7)",0.2,0.25,0.225,0.15,0.175,5.5,3,5.938126,2,7.75,1,design_c_template,2.25,False
"(8, 10, 7, 9, 6)",0.2,0.25,0.175,0.225,0.15,5.5,3,5.938126,2,7.75,1,design_c_template,2.25,False
"(8, 10, 7, 6, 9)",0.2,0.25,0.175,0.15,0.225,5.5,3,5.938126,2,7.75,1,design_c_template,2.25,False
"(8, 10, 6, 9, 7)",0.2,0.25,0.15,0.225,0.175,5.5,3,5.938126,2,7.75,1,design_c_template,2.25,False
"(8, 10, 6, 7, 9)",0.2,0.25,0.15,0.175,0.225,5.5,3,5.938126,2,7.75,1,design_c_template,2.25,False
"(8, 9, 10, 7, 6)",0.2,0.225,0.25,0.175,0.15,5.5,3,5.938126,2,7.75,1,design_c_template,2.25,False
"(8, 9, 10, 6, 7)",0.2,0.225,0.25,0.15,0.175,5.5,3,5.938126,2,7.75,1,design_c_template,2.25,False
"(8, 9, 7, 10, 6)",0.2,0.225,0.175,0.25,0.15,5.5,3,5.938126,2,7.75,1,design_c_template,2.25,False
"(8, 9, 7, 6, 10)",0.2,0.225,0.175,0.15,0.25,5.5,3,5.938126,2,7.75,1,design_c_template,2.25,False
"(8, 9, 6, 10, 7)",0.2,0.225,0.15,0.25,0.175,5.5,3,5.938126,2,7.75,1,design_c_template,2.25,False
"(8, 9, 6, 7, 10)",0.2,0.225,0.15,0.175,0.25,5.5,3,5.938126,2,7.75,1,design_c_template,2.25,False
"(8, 7, 10, 9, 6)",0.2,0.175,0.25,0.225,0.15,5.5,3,5.938126,2,7.75,1,design_c_template,2.25,False
"(8, 7, 10, 6, 9)",0.2,0.175,0.25,0.15,0.225,5.5,3,5.938126,2,7.75,1,design_c_template,2.25,False
"(8, 7, 9, 10, 6)",0.2,0.175,0.225,0.25,0.15,5.5,3,5.938126,2,7.75,1,design_c_template,2.25,False
"(8, 7, 9, 6, 10)",0.2,0.175,0.225,0.15,0.25,5.5,3,5.938126,2,7.75,1,design_c_template,2.25,False
"(8, 7, 6, 10, 9)",0.2,0.175,0.15,0.25,0.225,5.5,3,5.938126,2,7.75,1,design_c_template,2.25,False
"(8, 7, 6, 9, 10)",0.2,0.175,0.15,0.225,0.25,5.5,3,5.938126,2,7.75,1,design_c_template,2.25,False
"(8, 6, 10, 9, 7)",0.2,0.15,0.25,0.225,0.175,5.5,3,5.938126,2,7.75,1,design_c_template,2.25,False
"(8, 6, 10, 7, 9)",0.2,0.15,0.25,0.175,0.225,5.5,3,5.938126,2,7.75,1,design_c_template,2.25,False
"(8, 6, 9, 10, 7)",0.2,0.15,0.225,0.25,0.175,5.5,3,5.938126,2,7.75,1,design_c_template,2.25,False
"(8, 6, 9, 7, 10)",0.2,0.15,0.225,0.175,0.25,5.5,3,5.938126,2,7.75,1,design_c_template,2.25,False
"(8, 6, 7, 10, 9)",0.2,0.15,0.175,0.25,0.225,5.5,3,5.938126,2,7.75,1,design_c_template,2.25,False
"(8, 6, 7, 9, 10)",0.2,0.15,0.175,0.225,0.25,5.5,3,5.938126,2,7.75,1,design_c_template,2.25,False
"(7, 10, 9, 8, 6)",0.175,0.25,0.225,0.2,0.15,5.5,3,5.938126,2,7.75,1,design_c_template,2.25,False
"(7, 10, 9, 6, 8)",0.175,0.25,0.225,0.15,0.2,5.5,3,5.938126,2,7.75,1,design_c_template,2.25,False
"(7, 10, 8, 9, 6)",0.175,0.25,0.2,0.225,0.15,5.5,3,5.938126,2,7.75,1,design_c_template,2.25,False
"(7, 10, 8, 6, 9)",0.175,0.25,0.2,0.15,0.225,5.5,3,5.938126,2,7.75,1,design_c_template,2.25,False
"(7, 10, 6, 9, 8)",0.175,0.25,0.15,0.225,0.2,5.5,3,5.938126,2,7.75,1,design_c_template,2.25,False
"(7, 10, 6, 8, 9)",0.175,0.25,0.15,0.2,0.225,5.5,3,5.938126,2,7.75,1,design_c_template,2.25,False
"(7, 9, 10, 8, 6)",0.175,0.225,0.25,0.2,0.15,5.5,3,5.938126,2,7.75,1,design_c_template,2.25,False
"(7, 9, 10, 6, 8)",0.175,0.225,0.25,0.15,0.2,5.5,3,5.938126,2,7.75,1,design_c_template,2.25,False
"(7, 9, 8, 10, 6)",0.175,0.225,0.2,0.25,0.15,5.5,3,5.938126,2,7.75,1,design_c_template,2.25,False
"(7, 9, 8, 6, 10)",0.175,0.225,0.2,0.15,0.25,5.5,3,5.938126,2,7.75,1,design_c_template,2.25,False
"(7, 9, 6, 10, 8)",0.175,0.225,0.15,0.25,0.2,5.5,3,5.938126,2,7.75,1,design_c_template,2.25,False
"(7, 9, 6, 8, 10)",0.175,0.225,0.15,0.2,0.25,5.5,3,5.938126,2,7.75,1,design_c_template,2.25,False
"(7, 8, 10, 9, 6)",0.175,0.2,0.25,0.225,0.15,5.5,3,5.938126,2,7.75,1,design_c_template,2.25,False
"(7, 8, 10, 6, 9)",0.175,0.2,0.25,0.15,0.225,5.5,3,5.938126,2,7.75,1,design_c_template,2.25,False
"(7, 8, 9, 10, 6)",0.175,0.2,0.225,0.25,0.15,5.5,3,5.938126,2,7.75,1,design_c_template,2.25,False
"(7, 8, 9, 6, 10)",0.175,0.2,0.225,0.15,0.25,5.5,3,5.938126,2,7.75,1,design_c_template,2.25,False
"(7, 8, 6, 10, 9)",0.175,0.2,0.15,0.25,0.225,5.5,3,5.938126,2,7.75,1,design_c_template,2.25,False
"(7, 8, 6, 9, 10)",0.175,0.2,0.15,0.225,0.25,5.5,3,5.938126,2,7.75,1,design_c_template,2.25,False
"(7, 6, 10, 9, 8)",0.175,0.15,0.25,0.225,0.2,5.5,3,5.938126,2,7.75,1,design_c_template,2.25,False
"(7, 6, 10, 8, 9)",0.175,0.15,0.25,0.2,0.225,5.5,3,5.938126,2,7.75,1,design_c_template,2.25,False
"(7, 6, 9, 10, 8)",0.175,0.15,0.225,0.25,0.2,5.5,3,5.938126,2,7.75,1,design_c_template,2.25,False
"(7, 6, 9, 8, 10)",0.175,0.15,0.225,0.2,0.25,5.5,3,5.938126,2,7.75,1,design_c_template,2.25,False
"(7, 6, 8, 10, 9)",0.175,0.15,0.2,0.25,0.225,5.5,3,5.938126,2,7.75,1,design_c_template,2.25,False
"(7, 6, 8, 9, 10)",0.175,0.15,0.2,0.225,0.25,5.5,3,5.938126,2,7.75,1,design_c_template,2.25,False
"(6, 10, 9, 8, 7)",0.15,0.25,0.225,0.2,0.175,5.5,3,5.938126,2,7.75,1,design_c_template,2.25,False
"(6, 10, 9, 7, 8)",0.15,0.25,0.225,0.175,0.2,5.5,3,5.938126,2,7.75,1,design_c_template,2.25,False
"(6, 10, 8, 9, 7)",0.15,0.25,0.2,0.225,0.175,5.5,3,5.938126,2,7.75,1,design_c_template,2.25,False
"(6, 10, 8, 7, 9)",0.15,0.25,0.2,0.175,0.225,5.5,3,5.938126,2,7.75,1,design_c_template,2.25,False
"(6, 10, 7, 9, 8)",0.15,0.25,0.175,0.225,0.2,5.5,3,5.938126,2,7.75,1,design_c_template,2.25,False
"(6, 10, 7, 8, 9)",0.15,0.25,0.175,0.2,0.225,5.5,3,5.938126,2,7.75,1,design_c_template,2.25,False
"(6, 9, 10, 8, 7)",0.15,0.225,0.25,0.2,0.175,5.5,3,5.938126,2,7.75,1,design_c_template,2.25,False
"(6, 9, 10, 7, 8)",0.15,0.225,0.25,0.175,0.2,5.5,3,5.938126,2,7.75,1,design_c_template,2.25,False
"(6, 9, 8, 10, 7)",0.15,0.225,0.2,0.25,0.175,5.5,3,5.938126,2,7.75,1,design_c_template,2.25,False
"(6, 9, 8, 7, 10)",0.15,0.225,0.2,0.175,0.25,5.5,3,5.938126,2,7.75,1,design_c_template,2.25,False
"(6, 9, 7, 10, 8)",0.15,0.225,0.175,0.25,0.2,5.5,3,5.938126,2,7.75,1,design_c_template,2.25,False
"(6, 9, 7, 8, 10)",0.15,0.225,0.175,0.2,0.25,5.5,3,5.938126,2,7.75,1,design_c_template,2.25,False
"(6, 8, 10, 9, 7)",0.15,0.2,0.25,0.225,0.175,5.5,3,5.938126,2,7.75,1,design_c_template,2.25,False
"(6, 8, 10, 7, 9)",0.15,0.2,0.25,0.175,0.225,5.5,3,5.938126,2,7.75,1,design_c_template,2.25,False
"(6, 8, 9, 10, 7)",0.15,0.2,0.225,0.25,0.175,5.5,3,5.938126,2,7.75,1,design_c_template,2.25,False
"(6, 8, 9, 7, 10)",0.15,0.2,0.225,0.175,0.25,5.5,3,5.938126,2,7.75,1,design_c_template,2.25,False
"(6, 8, 7, 10, 9)",0.15,0.2,0.175,0.25,0.225,5.5,3,5.938126,2,7.75,1,design_c_template,2.25,False
"(6, 8, 7, 9, 10)",0.15,0.2,0.175,0.225,0.25,5.5,3,5.938126,2,7.75,1,design_c_template,2.25,False
"(6, 7, 10, 9, 8)",0.15,0.175,0.25,0.225,0.2,5.5,3,5.938126,2,7.75,1,design_c_template,2.25,False
"(6, 7, 10, 8, 9)",0.15,0.175,0.25,0.2,0.225,5.5,3,5.938126,2,7.75,1,design_c_template,2.25,False
"(6, 7, 9, 10, 8)",0.15,0.175,0.225,0.25,0.2,5.5,3,5.938126,2,7.75,1,design_c_template,2.25,False
"(6, 7, 9, 8, 10)",0.15,0.175,0.225,0.2,0.25,5.5,3,5.938126,2,7.75,1,design_c_template,2.25,False
"(6, 7, 8, 10, 9)",0.15,0.175,0.2,0.25,0.225,5.5,3,5.938126,2,7.75,1,design_c_template,2.25,False
"(6, 7, 8, 9, 10)",0.15,0.175,0.2,0.225,0.25,5.5,3,5.938126,2,7.75,1,design_c_template,2.25,False
