loi_combo,weight_economic,weight_usability,weight_performance,weight_reliability,weight_maintainability
"(10, 9, 8, 7, 6)",0.25,0.225,0.2,0.175,0.15
"(10, 9, 8, 6, 7)",0.25,0.225,0.2,0.15,0.175
"(10, 9, 7, 8, 6)",0.25,0.225,0.175,0.2,0.15
"(10, 9, 7, 6, 8)",0.25,0.225,0.175,0.15,0.2
"(10, 9, 6, 8, 7)",0.25,0.225,0.15,0.2,0.175
"(10, 9, 6, 7, 8)",0.25,0.225,0.15,0.175,0.2
"(10, 8, 9, 7, 6)",0.25,0.2,0.225,0.175,0.15
"(10, 8, 9, 6, 7)",0.25,0.2,0.225,0.15,0.175
"(10, 8, 7, 9, 6)",0.25,0.2,0.175,0.225,0.15
"(10, 8, 7, 6, 9)",0.25,0.2,0.175,0.15,0.225
"(10, 8, 6, 9, 7)",0.25,0.2,0.15,0.225,0.175
"(10, 8, 6, 7, 9)",0.25,0.2,0.15,0.175,0.225
"(10, 7, 9, 8, 6)",0.25,0.175,0.225,0.2,0.15
"(10, 7, 9, 6, 8)",0.25,0.175,0.225,0.15,0.2
"(10, 7, 8, 9, 6)",0.25,0.175,0.2,0.225,0.15
"(10, 7, 8, 6, 9)",0.25,0.175,0.2,0.15,0.225
"(10, 7, 6, 9, 8)",0.25,0.175,0.15,0.225,0.2
"(10, 7, 6, 8, 9)",0.25,0.175,0.15,0.2,0.225
"(10, 6, 9, 8, 7)",0.25,0.15,0.225,0.2,0.175
"(10, 6, 9, 7, 8)",0.25,0.15,0.225,0.175,0.2
"(10, 6, 8, 9, 7)",0.25,0.15,0.2,0.225,0.175
"(10, 6, 8, 7, 9)",0.25,0.15,0.2,0.175,0.225
"(10, 6, 7, 9, 8)",0.25,0.15,0.175,0.225,0.2
"(10, 6, 7, 8, 9)",0.25,0.15,0.175,0.2,0.225
"(9, 10, 8, 7, 6)",0.225,0.25,0.2,0.175,0.15
"(9, 10, 8, 6, 7)",0.225,0.25,0.2,0.15,0.175
"(9, 10, 7, 8, 6)",0.225,0.25,0.175,0.2,0.15
"(9, 10, 7, 6, 8)",0.225,0.25,0.175,0.15,0.2
"(9, 10, 6, 8, 7)",0.225,0.25,0.15,0.2,0.175
"(9, 10, 6, 7, 8)",0.225,0.25,0.15,0.175,0.2
"(9, 8, 10, 7, 6)",0.225,0.2,0.25,0.175,0.15
"(9, 8, 10, 6, 7)",0.225,0.2,0.25,0.15,0.175
"(9, 8, 7, 10, 6)",0.225,0.2,0.175,0.25,0.15
"(9, 8, 7, 6, 10)",0.225,0.2,0.175,0.15,0.25
"(9, 8, 6, 10, 7)",0.225,0.2,0.15,0.25,0.175
"(9, 8, 6, 7, 10)",0.225,0.2,0.15,0.175,0.25
"(9, 7, 10, 8, 6)",0.225,0.175,0.25,0.2,0.15
"(9, 7, 10, 6, 8)",0.225,0.175,0.25,0.15,0.2
"(9, 7, 8, 10, 6)",0.225,0.175,0.2,0.25,0.15
"(9, 7, 8, 6, 10)",0.225,0.175,0.2,0.15,0.25
"(9, 7, 6, 10, 8)",0.225,0.175,0.15,0.25,0.2
"(9, 7, 6, 8, 10)",0.225,0.175,0.15,0.2,0.25
"(9, 6, 10, 8, 7)",0.225,0.15,0.25,0.2,0.175
"(9, 6, 10, 7, 8)",0.225,0.15,0.25,0.175,0.2
"(9, 6, 8, 10, 7)",0.225,0.15,0.2,0.25,0.175
"(9, 6, 8, 7, 10)",0.225,0.15,0.2,0.175,0.25
"(9, 6, 7, 10, 8)",0.225,0.15,0.175,0.25,0.2
"(9, 6, 7, 8, 10)",0.225,0.15,0.175,0.2,0.25
"(8, 10, 9, 7, 6)",0.2,0.25,0.225,0.175,0.15
"(8, 10, 9, 6, 7)",0.2,0.25,0.225,0.15,0.175
"(8, 10, 7, 9, 6)",0.2,0.25,0.175,0.225,0.15
"(8, 10, 7, 6, 9)",0.2,0.25,0.175,0.15,0.225
"(8, 10, 6, 9, 7)",0.2,0.25,0.15,0.225,0.175
"(8, 10, 6, 7, 9)",0.2,0.25,0.15,0.175,0.225
"(8, 9, 10, 7, 6)",0.2,0.225,0.25,0.175,0.15
"(8, 9, 10, 6, 7)",0.2,0.225,0.25,0.15,0.175
"(8, 9, 7, 10, 6)",0.2,0.225,0.175,0.25,0.15
"(8, 9, 7, 6, 10)",0.2,0.225,0.175,0.15,0.25
"(8, 9, 6, 10, 7)",0.2,0.225,0.15,0.25,0.175
"(8, 9, 6, 7, 10)",0.2,0.225,0.15,0.175,0.25
"(8, 7, 10, 9, 6)",0.2,0.175,0.25,0.225,0.15
"(8, 7, 10, 6, 9)",0.2,0.175,0.25,0.15,0.225
"(8, 7, 9, 10, 6)",0.2,0.175,0.225,0.25,0.15
"(8, 7, 9, 6, 10)",0.2,0.175,0.225,0.15,0.25
"(8, 7, 6, 10, 9)",0.2,0.175,0.15,0.25,0.225
"(8, 7, 6, 9, 10)",0.2,0.175,0.15,0.225,0.25
"(8, 6, 10, 9, 7)",0.2,0.15,0.25,0.225,0.175
"(8, 6, 10, 7, 9)",0.2,0.15,0.25,0.175,0.225
"(8, 6, 9, 10, 7)",0.2,0.15,0.225,0.25,0.175
"(8, 6, 9, 7, 10)",0.2,0.15,0.225,0.175,0.25
"(8, 6, 7, 10, 9)",0.2,0.15,0.175,0.25,0.225
"(8, 6, 7, 9, 10)",0.2,0.15,0.175,0.225,0.25
"(7, 10, 9, 8, 6)",0.175,0.25,0.225,0.2,0.15
"(7, 10, 9, 6, 8)",0.175,0.25,0.225,0.15,0.2
"(7, 10, 8, 9, 6)",0.175,0.25,0.2,0.225,0.15
"(7, 10, 8, 6, 9)",0.175,0.25,0.2,0.15,0.225
"(7, 10, 6, 9, 8)",0.175,0.25,0.15,0.225,0.2
"(7, 10, 6, 8, 9)",0.175,0.25,0.15,0.2,0.225
"(7, 9, 10, 8, 6)",0.175,0.225,0.25,0.2,0.15
"(7, 9, 10, 6, 8)",0.175,0.225,0.25,0.15,0.2
"(7, 9, 8, 10, 6)",0.175,0.225,0.2,0.25,0.15
"(7, 9, 8, 6, 10)",0.175,0.225,0.2,0.15,0.25
"(7, 9, 6, 10, 8)",0.175,0.225,0.15,0.25,0.2
"(7, 9, 6, 8, 10)",0.175,0.225,0.15,0.2,0.25
"(7, 8, 10, 9, 6)",0.175,0.2,0.25,0.225,0.15
"(7, 8, 10, 6, 9)",0.175,0.2,0.25,0.15,0.225
"(7, 8, 9, 10, 6)",0.175,0.2,0.225,0.25,0.15
"(7, 8, 9, 6, 10)",0.175,0.2,0.225,0.15,0.25
"(7, 8, 6, 10, 9)",0.175,0.2,0.15,0.25,0.225
"(7, 8, 6, 9, 10)",0.175,0.2,0.15,0.225,0.25
"(7, 6, 10, 9, 8)",0.175,0.15,0.25,0.225,0.2
"(7, 6, 10, 8, 9)",0.175,0.15,0.25,0.2,0.225
"(7, 6, 9, 10, 8)",0.175,0.15,0.225,0.25,0.2
"(7, 6, 9, 8, 10)",0.175,0.15,0.225,0.2,0.25
"(7, 6, 8, 10, 9)",0.175,0.15,0.2,0.25,0.225
"(7, 6, 8, 9, 10)",0.175,0.15,0.2,0.225,0.25
"(6, 10, 9, 8, 7)",0.15,0.25,0.225,0.2,0.175
"(6, 10, 9, 7, 8)",0.15,0.25,0.225,0.175,0.2
"(6, 10, 8, 9, 7)",0.15,0.25,0.2,0.225,0.175
"(6, 10, 8, 7, 9)",0.15,0.25,0.2,0.175,0.225
"(6, 10, 7, 9, 8)",0.15,0.25,0.175,0.225,0.2
"(6, 10, 7, 8, 9)",0.15,0.25,0.175,0.2,0.225
"(6, 9, 10, 8, 7)",0.15,0.225,0.25,0.2,0.175
"(6, 9, 10, 7, 8)",0.15,0.225,0.25,0.175,0.2
"(6, 9, 8, 10, 7)",0.15,0.225,0.2,0.25,0.175
"(6, 9, 8, 7, 10)",0.15,0.225,0.2,0.175,0.25
"(6, 9, 7, 10, 8)",0.15,0.225,0.175,0.25,0.2
"(6, 9, 7, 8, 10)",0.15,0.225,0.175,0.2,0.25
"(6, 8, 10, 9, 7)",0.15,0.2,0.25,0.225,0.175
"(6, 8, 10, 7, 9)",0.15,0.2,0.25,0.175,0.225
"(6, 8, 9, 10, 7)",0.15,0.2,0.225,0.25,0.175
"(6, 8, 9, 7, 10)",0.15,0.2,0.225,0.175,0.25
"(6, 8, 7, 10, 9)",0.15,0.2,0.175,0.25,0.225
"(6, 8, 7, 9, 10)",0.15,0.2,0.175,0.225,0.25
"(6, 7, 10, 9, 8)",0.15,0.175,0.25,0.225,0.2
"(6, 7, 10, 8, 9)",0.15,0.175,0.25,0.2,0.225
"(6, 7, 9, 10, 8)",0.15,0.175,0.225,0.25,0.2
"(6, 7, 9, 8, 10)",0.15,0.175,0.225,0.2,0.25
"(6, 7, 8, 10, 9)",0.15,0.175,0.2,0.25,0.225
"(6, 7, 8, 9, 10)",0.15,0.175,0.2,0.225,0.25
