design_id,profile_id,median_ns,median_ms,min_ns,max_ns,observations
design_a_formula,P001,6283.5,0.0062835,5378,31392,"[31392, 11151, 8805, 7241, 9535, 9784, 8159, 7988, 6130, 7547, 6393, 8876, 6079, 6821, 7334, 5665, 5797, 5644, 5623, 5378, 6174, 7443, 6025, 6557, 5641, 5829, 5744, 6097, 5733, 5852]"
design_a_formula,P002,5946.5,0.0059465,5456,7405,"[6640, 6458, 6648, 7405, 5778, 6280, 6246, 5532, 5529, 5891, 5639, 6409, 6994, 6287, 6095, 6350, 5456, 5775, 6760, 5758, 5656, 6866, 5592, 5780, 5915, 5978, 5911, 5897, 5893, 6016]"
design_a_formula,P003,5803.0,0.005803,5268,14763,"[6988, 14763, 6030, 5777, 5649, 6188, 5802, 5661, 6244, 5907, 6378, 5606, 5776, 5816, 6392, 5879, 5268, 5718, 5474, 5804, 6388, 5400, 5621, 5404, 6021, 6066, 6027, 5624, 5470, 5590]"
design_a_formula,P004,5680.0,0.00568,5247,18731,"[6469, 6196, 6011, 5407, 5670, 5451, 5705, 5434, 5477, 5690, 5947, 5717, 5892, 5247, 6166, 5648, 5578, 5469, 5420, 5485, 5599, 5909, 5329, 5947, 5789, 6056, 5553, 5524, 6589, 18731]"
design_a_formula,P005,5740.5,0.0057405,5283,7746,"[6737, 5476, 5755, 5807, 5943, 5692, 5444, 6244, 5418, 6651, 5952, 5696, 5511, 5663, 5726, 5283, 5717, 5872, 6130, 7746, 5637, 5492, 5882, 6177, 6574, 5687, 7712, 5645, 5502, 5770]"
design_a_formula,P006,5612.0,0.005612,5118,7559,"[6619, 5795, 5680, 5707, 5676, 5599, 5735, 5507, 5560, 6355, 7559, 6347, 5407, 5651, 5971, 5295, 5625, 5324, 5304, 5118, 5804, 5153, 5188, 5554, 5457, 5950, 5628, 5222, 5186, 5558]"
design_a_formula,P007,5471.5,0.0054715,5220,6562,"[6562, 6185, 5991, 5567, 6122, 5472, 5948, 5636, 5389, 5390, 5741, 5324, 5674, 5300, 5266, 5220, 5237, 5435, 5815, 5421, 5518, 5331, 5471, 6307, 5306, 5460, 5235, 5365, 5520, 5954]"
design_a_formula,P008,5701.5,0.0057015,5325,13054,"[6378, 5701, 6375, 5435, 5509, 6001, 5370, 5613, 5595, 5572, 5676, 5677, 5661, 5645, 5699, 6106, 6165, 13054, 6204, 5508, 6427, 6116, 7243, 5552, 5702, 5942, 5325, 5930, 5785, 5932]"
design_a_formula,P009,6002.5,0.0060025,5528,7199,"[6495, 5637, 5892, 6460, 5535, 5683, 5952, 5648, 6466, 5855, 5579, 6011, 7199, 5730, 5988, 5670, 6341, 6113, 6488, 6067, 6643, 6332, 6100, 6274, 5954, 5528, 6291, 6517, 5994, 5872]"
design_a_formula,P010,6527.0,0.006527,5544,7504,"[6005, 5867, 5666, 5762, 5942, 6654, 6933, 7375, 7504, 7341, 7018, 6209, 6448, 6282, 6588, 5544, 6322, 6063, 6682, 7243, 6262, 6386, 6534, 6520, 6313, 7355, 6643, 6858, 6791, 6698]"
design_b_parametric,P001,178153.0,0.178153,140068,379822,"[366342, 379822, 266502, 226555, 184347, 361265, 251204, 177491, 176803, 178645, 148509, 143068, 140978, 152061, 144870, 140068, 210182, 283948, 177661, 158790, 163851, 153527, 170579, 171195, 164871, 197208, 213688, 206424, 189194, 186325]"
design_b_parametric,P002,143191.0,0.143191,91386,284751,"[156362, 147482, 150653, 158097, 180387, 239303, 284751, 205619, 143836, 157041, 151461, 142146, 142151, 141070, 141052, 142859, 154858, 142663, 143523, 140063, 136909, 139626, 143872, 143769, 105086, 96420, 93310, 93355, 91769, 91386]"
design_b_parametric,P003,90858.0,0.090858,88925,127404,"[95429, 91765, 107450, 93719, 92604, 91019, 90025, 90645, 91659, 90152, 114251, 127404, 117500, 98116, 93261, 91573, 90697, 90095, 88925, 89206, 89922, 89649, 89399, 100627, 91111, 90218, 89252, 89456, 89555, 89429]"
design_b_parametric,P004,90577.0,0.090577,88061,167726,"[91829, 90639, 97028, 91873, 110671, 93777, 90149, 89130, 88321, 89769, 88612, 89061, 88061, 96668, 115659, 94758, 89524, 90515, 89803, 89815, 88191, 88782, 88692, 89001, 110577, 123403, 156013, 167726, 138657, 135189]"
design_b_parametric,P005,140188.0,0.140188,135712,161237,"[150211, 140182, 138370, 137735, 140194, 138580, 138742, 149599, 141111, 138560, 144072, 135712, 136298, 135975, 147903, 140476, 138968, 141837, 140431, 137129, 136422, 147170, 140469, 139065, 139303, 147950, 135944, 143730, 161237, 147037]"
design_b_parametric,P006,144506.5,0.1445065,130679,1083925,"[137184, 136698, 137737, 136830, 1083925, 226709, 150189, 144168, 157575, 141473, 163309, 177104, 188242, 175425, 151885, 384587, 151749, 133855, 132534, 131428, 130679, 131783, 155565, 188371, 148117, 133173, 130885, 132527, 132242, 144845]"
design_b_parametric,P007,157316.0,0.157316,136150,580422,"[136657, 139242, 155890, 140011, 154051, 164063, 141014, 139364, 137509, 138962, 140926, 136150, 157607, 152944, 151787, 156941, 171582, 172451, 196711, 580422, 217458, 368637, 399533, 288684, 227097, 183509, 268111, 289865, 157025, 161848]"
design_b_parametric,P008,171079.5,0.1710795,136140,1508630,"[152514, 151662, 544481, 232409, 289357, 284143, 171798, 182942, 978066, 1508630, 214346, 216956, 254766, 1501456, 276595, 169535, 152155, 149645, 167731, 151250, 153975, 139577, 157483, 148129, 221485, 150329, 136140, 150172, 734772, 170361]"
design_b_parametric,P009,165224.5,0.1652245,137987,2118920,"[145117, 146350, 155672, 144491, 1429144, 262347, 191913, 172642, 168265, 165443, 206116, 165006, 150906, 144056, 140961, 141112, 139378, 137987, 150196, 955315, 203513, 166541, 179698, 162861, 147660, 2118920, 444127, 217991, 172903, 143842]"
design_b_parametric,P010,224785.0,0.224785,159777,2792901,"[286090, 185051, 165724, 159777, 2792901, 281709, 225874, 226258, 202932, 2775490, 1347622, 273964, 223696, 217606, 1126117, 359351, 269571, 220573, 248767, 345372, 183317, 179031, 216337, 248757, 875375, 176441, 168067, 169870, 183240, 190792]"
design_c_template,P001,249086.0,0.249086,200104,587150,"[514435, 587150, 411372, 559086, 322811, 268657, 216230, 256034, 246840, 535305, 223573, 204043, 225423, 275478, 221383, 254224, 202794, 227172, 202979, 201716, 208550, 251332, 234962, 205536, 200104, 209635, 365444, 394356, 402136, 390816]"
design_c_template,P002,342594.5,0.3425945,210984,674831,"[300947, 210984, 311051, 240728, 569076, 316573, 355384, 302529, 291149, 343097, 377311, 300300, 429139, 349876, 229567, 256075, 674831, 371694, 372612, 350213, 371981, 342092, 364242, 396462, 377615, 382243, 312471, 229728, 221022, 241300]"
design_c_template,P003,226692.0,0.226692,200033,653845,"[226099, 215512, 233896, 222834, 222859, 213237, 211910, 222118, 211479, 219103, 209501, 227285, 205522, 200033, 218036, 204546, 225831, 242725, 366408, 421582, 653845, 621990, 456430, 556986, 529263, 492617, 438423, 407981, 379880, 496605]"
design_c_template,P004,260441.5,0.2604415,206991,559016,"[329597, 301444, 402484, 399050, 401554, 395773, 559016, 520527, 412823, 305813, 380679, 252235, 318161, 322029, 263925, 217730, 213954, 209099, 296589, 233171, 213393, 211964, 211500, 256958, 228403, 210604, 219979, 220466, 208081, 206991]"
design_c_template,P005,281338.0,0.281338,206453,480835,"[229214, 220130, 231902, 209619, 326142, 388758, 300451, 368724, 480835, 305947, 343614, 313616, 253959, 207004, 220485, 206453, 356736, 344276, 266356, 310959, 309863, 288398, 283573, 279103, 285188, 266476, 245017, 226460, 258718, 213241]"
design_c_template,P006,320639.5,0.3206395,220634,416176,"[305880, 224923, 220634, 227154, 229220, 229698, 221744, 220726, 228082, 314064, 371599, 371884, 416176, 388896, 396811, 383648, 366195, 380908, 372508, 375538, 383137, 314363, 276606, 250987, 232278, 233802, 330415, 326916, 398121, 395867]"
design_c_template,P007,375252.0,0.375252,236545,598990,"[248523, 255624, 249209, 236545, 328042, 370858, 358341, 367106, 383852, 352175, 379646, 345667, 401755, 363962, 339390, 363501, 592308, 536069, 461723, 415320, 368273, 392951, 598990, 481520, 491054, 534691, 531010, 430866, 520978, 365756]"
design_c_template,P008,240257.5,0.2402575,220680,594364,"[594364, 406225, 372282, 348485, 338577, 346412, 306829, 365070, 244543, 230028, 242697, 236716, 226955, 224054, 220680, 232561, 227240, 227567, 230250, 340724, 245192, 236131, 227680, 244089, 224705, 222962, 222758, 243535, 237818, 271614]"
design_c_template,P009,222321.5,0.2223215,208484,352460,"[244019, 229769, 222744, 222490, 230788, 227869, 221833, 222153, 220240, 233570, 210271, 208844, 209886, 225725, 214223, 208814, 209057, 213618, 224184, 212114, 208484, 224436, 352460, 329039, 233077, 218259, 228288, 229493, 214934, 209935]"
design_c_template,P010,265111.5,0.2651115,209289,588780,"[234894, 218618, 214355, 210150, 224974, 215718, 209808, 218090, 209425, 229258, 210602, 214233, 209289, 269604, 233564, 282097, 397885, 397891, 470976, 483421, 260619, 356851, 420118, 394843, 426918, 390992, 337399, 308390, 341335, 588780]"
