design_id,profile_id,total_runs,failures,failure_rate_percent
design_a_formula,P001,5,0,0.0
design_a_formula,P002,5,0,0.0
design_a_formula,P003,5,0,0.0
design_a_formula,P004,5,0,0.0
design_a_formula,P005,5,0,0.0
design_a_formula,P006,5,0,0.0
design_a_formula,P007,5,0,0.0
design_a_formula,P008,5,0,0.0
design_a_formula,P009,5,0,0.0
design_a_formula,P010,5,0,0.0
design_b_parametric,P001,5,0,0.0
design_b_parametric,P002,5,0,0.0
design_b_parametric,P003,5,0,0.0
design_b_parametric,P004,5,0,0.0
design_b_parametric,P005,5,0,0.0
design_b_parametric,P006,5,0,0.0
design_b_parametric,P007,5,0,0.0
design_b_parametric,P008,5,0,0.0
design_b_parametric,P009,5,0,0.0
design_b_parametric,P010,5,0,0.0
design_c_template,P001,5,0,0.0
design_c_template,P002,5,0,0.0
design_c_template,P003,5,0,0.0
design_c_template,P004,5,0,0.0
design_c_template,P005,5,0,0.0
design_c_template,P006,5,0,0.0
design_c_template,P007,5,0,0.0
design_c_template,P008,5,0,0.0
design_c_template,P009,5,0,0.0
design_c_template,P010,5,0,0.0
